User_ids,Nov-2018,Dec-2018,Jan-2019,Feb-2019,Mar-2019,Apr-2019,May-2019,Jun-2019,Jul-2019,Aug-2019
1780.0,1,,,1.0,,,,,,
1783.0,7,,,,,,,,,
1804.0,4,2.0,,1.0,,,,,1.0,2.0
3067.0,1,,,,,,,,1.0,
2817.0,2,1.0,,,,,,,,
2790.0,7,2.0,,1.0,1.0,,,,,
2789.0,7,2.0,2.0,2.0,3.0,,,,,
2779.0,7,3.0,,1.0,2.0,1.0,,,,
2792.0,6,5.0,2.0,,,,,,,
3086.0,1,8.0,2.0,,1.0,2.0,,,,
2578.0,5,,,,,,,,,
2172.0,3,,,,,,,,,
2945.0,3,5.0,4.0,,,,,,,
3053.0,7,6.0,4.0,1.0,,,,,,
3057.0,7,5.0,10.0,,,,,,,
3054.0,7,5.0,12.0,,,,,,,
2403.0,2,,3.0,,,,,,,
2823.0,6,4.0,,,2.0,,,,,
3106.0,7,3.0,1.0,1.0,3.0,,,,,
3107.0,7,3.0,1.0,1.0,1.0,,,,,
3110.0,1,,4.0,,,,,,,
3111.0,2,,,,,,,,,
2828.0,7,3.0,2.0,,2.0,1.0,,,,
3117.0,6,3.0,,2.0,1.0,,,,,
3115.0,7,4.0,2.0,1.0,,,,,,
3112.0,2,5.0,5.0,,,,,,,
3120.0,2,,,,1.0,,,,,
3122.0,2,,,,,,,,,
3101.0,7,,,,,,,,,1.0
3128.0,6,5.0,1.0,,,,,,,
3127.0,6,5.0,,,,,,,,
3129.0,6,4.0,,,,,,,,
3125.0,7,7.0,7.0,,,,1.0,,,
3134.0,4,1.0,3.0,,,,,,,
3108.0,1,,,,,,,,,
3135.0,5,,,,,,,,,
3139.0,7,5.0,3.0,,,1.0,,,,
2946.0,8,5.0,10.0,2.0,,,,,,
3085.0,8,5.0,1.0,,,,,,,
2577.0,8,5.0,,,,,,,,
3148.0,7,4.0,9.0,1.0,3.0,1.0,,,,
2991.0,3,,,,,,,,,
2668.0,6,1.0,,1.0,,,,,,
2720.0,8,5.0,2.0,,,,,,,
2989.0,8,1.0,,,,,,,,
2519.0,5,,,,,,,,,
2667.0,4,1.0,3.0,,,1.0,,1.0,1.0,
2673.0,2,2.0,,,,,,,,
3155.0,1,,,,,,,,,
1999.0,7,5.0,1.0,,,,,,,
3102.0,8,4.0,2.0,,,,,,,
3157.0,1,,,,,,,,,
3159.0,1,,,,,,,,,
3160.0,2,,,,,,,,,
3032.0,1,,,,,,,,,
3084.0,5,5.0,1.0,,,,,,,
3163.0,3,2.0,1.0,,,,,,,
3164.0,4,,,,,,,,,
3167.0,1,,,,,,,,,
3168.0,4,3.0,1.0,1.0,2.0,,,,,
2531.0,7,2.0,1.0,,,,,,,1.0
3178.0,7,2.0,4.0,1.0,,1.0,,,,5.0
3181.0,2,,2.0,1.0,,,,,,
3184.0,1,,,,,,,,,
3187.0,6,3.0,1.0,,,1.0,,,,
3180.0,2,,,,,,,,,
2723.0,1,3.0,,,,,,,,
3095.0,1,,,,,,,,,
3137.0,7,6.0,4.0,1.0,2.0,1.0,,,,
3190.0,5,,,,,,,,,
3188.0,1,,,,,,,,,
3191.0,1,,1.0,,,,,,,
3194.0,4,5.0,2.0,,,,,,2.0,3.0
3047.0,1,,,,,,,,,
2114.0,1,,,,,,,,,
3152.0,5,3.0,1.0,,,,1.0,,,
2837.0,5,2.0,5.0,1.0,,,,,,
3199.0,1,,,,,,,,,
3182.0,5,7.0,1.0,,,,,,,
3204.0,8,2.0,,,,,,,,
3153.0,1,,,3.0,,,,,,
3150.0,1,,,,,,1.0,2.0,3.0,2.0
3179.0,6,,1.0,,,,,,,
3192.0,1,,,,,,,,,
3210.0,1,,,,,,,,,
3171.0,6,3.0,2.0,,,,,,,
3214.0,7,,1.0,,,2.0,,,1.0,1.0
3213.0,5,1.0,1.0,,,,,,,
3208.0,7,4.0,3.0,,,1.0,,,,
3158.0,1,,,,,,,,,
2756.0,8,4.0,5.0,1.0,,,,,,
3217.0,6,6.0,,1.0,,,,,,
3220.0,7,2.0,,1.0,,,,1.0,2.0,2.0
2830.0,6,4.0,3.0,,,,,,,
3215.0,1,,5.0,1.0,,,,,,
2041.0,2,,,,,,,,,
2037.0,4,4.0,,,,,,,,
2085.0,7,2.0,4.0,,,,,,4.0,
3170.0,2,,2.0,,,,,,,
3236.0,2,1.0,,,,1.0,,,,
3080.0,1,,2.0,1.0,,,,,,
2944.0,3,3.0,4.0,2.0,,,,,,
2885.0,6,4.0,,2.0,,,,,,
3144.0,7,,3.0,,,,,,,
2801.0,8,3.0,5.0,,,,,,,
3239.0,2,,,,,,,,,
3240.0,3,,,2.0,,,,,,
3092.0,5,,,,,,,,,
3241.0,6,1.0,3.0,1.0,,,,,,
3244.0,4,,,,,,,,,
3249.0,5,1.0,,,,,,,,
3246.0,2,,,,,,,,,
3255.0,5,6.0,,1.0,,,,,,
3258.0,1,,3.0,,,,,,,
3256.0,7,3.0,2.0,,,,,,,
2171.0,1,,,,,,,,,
3162.0,4,5.0,1.0,,,,,,,
2913.0,2,,,,,,,,,
3243.0,4,1.0,1.0,1.0,,,,,,
3267.0,1,,,,,,,,,
2394.0,2,1.0,3.0,3.0,,,,,,
3269.0,1,,,,,,,,,
3272.0,7,6.0,4.0,1.0,,,,,,
3275.0,2,,,,,,,,,
3273.0,5,2.0,2.0,1.0,,,,,,
3276.0,5,,,,,,,,,
3278.0,6,6.0,,,,,,,,
3279.0,3,1.0,,,,,,,,
3081.0,3,1.0,1.0,,,,,,,
3290.0,1,3.0,1.0,,,,,,,
2042.0,6,8.0,8.0,2.0,1.0,,,,,
3293.0,2,,,,,,,,,
3211.0,2,4.0,1.0,,,,,,,
3296.0,2,5.0,,,,,,,,
3301.0,1,,,,,,,,,
3284.0,4,5.0,7.0,,,,,,,
3303.0,3,6.0,2.0,,,,,,,
3292.0,2,4.0,5.0,,,,,,,
3304.0,2,,,,,,,,,
3268.0,2,,,,,,,2.0,,1.0
3314.0,4,3.0,1.0,1.0,2.0,,,,,
3312.0,3,2.0,1.0,,,,,,,
3307.0,1,,,,,,,,,
3317.0,1,5.0,1.0,1.0,,,,,,
3321.0,1,4.0,1.0,,,,,,,
3034.0,1,,,,,,,,,
2882.0,4,,,,,,,,,
3328.0,4,1.0,5.0,,1.0,1.0,,,,
3315.0,7,1.0,2.0,1.0,,,,,,
2877.0,5,2.0,1.0,,,,,,,
2003.0,1,,,,,,,,,
2026.0,3,,,,,,,,,
3206.0,3,1.0,1.0,,,,,,,
3338.0,2,6.0,2.0,,,,,,,
3342.0,6,5.0,3.0,,,,,,,
3322.0,2,1.0,4.0,,,,,,,
1799.0,1,,,,,,,,,
3346.0,5,,,,,,,,,
3277.0,5,,,,,1.0,,,,
3347.0,6,6.0,8.0,,,,,,,
3201.0,5,3.0,5.0,4.0,,,,,,
3352.0,1,,,,,,,,,
3172.0,3,4.0,3.0,,,1.0,,1.0,,
3209.0,2,,,,,,,,,
3357.0,5,3.0,3.0,1.0,,,,,,
3224.0,3,,,,,,,,,
3373.0,4,6.0,2.0,,,,,,,
3015.0,1,,,,,,,,,
3377.0,2,,,,,,,,,
3383.0,4,1.0,,,,,,,,
3382.0,3,6.0,2.0,1.0,,,,,,
3355.0,6,6.0,4.0,1.0,,,,,,
2836.0,3,2.0,6.0,,,,,,,
2854.0,5,1.0,,,,,,,,
1969.0,5,2.0,2.0,1.0,1.0,,,,,
3294.0,7,,,,,,,,,
3176.0,5,1.0,,,,,,,,
3231.0,4,6.0,3.0,,,,,,,
3348.0,3,,,,,,,,,
3394.0,2,,,,,,,,,
3349.0,3,5.0,,,,,,,,
3343.0,3,,,,,,,,,
3392.0,2,10.0,1.0,,,,,,,
3396.0,2,7.0,1.0,1.0,,,1.0,,,
2708.0,3,7.0,3.0,,1.0,2.0,,,,
3401.0,1,3.0,2.0,,,,,,,
3354.0,6,6.0,3.0,1.0,2.0,3.0,,,,
3339.0,3,10.0,3.0,1.0,,,,,,
3300.0,1,,,,,,,,,
3405.0,1,,,,,,,,,
3400.0,3,5.0,14.0,,,,,,,
2272.0,3,1.0,,,,,,,,
3302.0,2,,,,,,,,,
2294.0,5,4.0,3.0,3.0,,,,,,
3316.0,1,3.0,3.0,,,,,,,
3419.0,1,,,,,,,,,
3423.0,1,,3.0,,,,,,,
3359.0,2,,,,,,,,,
3230.0,1,,,,,,,,,
3356.0,2,,,,,,,,,
3435.0,2,,,,,,,,,
2551.0,7,3.0,,,,,,,,
3037.0,1,,,,,,,,,
3036.0,1,,,,,,,,,
3451.0,2,2.0,2.0,,,,,,,
2699.0,4,8.0,2.0,,,,,,,
3449.0,3,6.0,,,1.0,,,,,
3452.0,1,,,,,,,,,
3456.0,1,,,,,,,,,
3458.0,1,2.0,,,,,,,,
3364.0,4,,,,,,,,,
3374.0,1,,,,,,,,,
3414.0,2,4.0,1.0,2.0,1.0,,,,,
3465.0,2,1.0,,,,,,,,
3464.0,1,,1.0,,,,,,,
3367.0,2,,,,,,,,,
2861.0,5,2.0,,,,,,,,
3421.0,1,,,,,,,,,
3471.0,2,4.0,,,,,,,,
3433.0,2,,,,,,,,,
3282.0,1,2.0,,,,,,,,
3350.0,2,5.0,,,,,,,,
3440.0,2,3.0,4.0,,,,,,,
3306.0,1,4.0,3.0,,1.0,,,,,
3283.0,4,4.0,1.0,,,1.0,,,,
3297.0,6,4.0,,,,,,,,
3487.0,2,,4.0,,1.0,1.0,,,,1.0
3489.0,1,3.0,4.0,,1.0,1.0,,,,1.0
3490.0,1,,2.0,1.0,,,,,,
3474.0,3,4.0,2.0,1.0,,,,,,
3446.0,3,2.0,,,,,,,,
3492.0,3,3.0,,,,,,,,
2782.0,4,3.0,,,,,,,,
3247.0,1,,,,,,,,,
3418.0,1,,,,,,,,,
3340.0,5,3.0,,,,,,,,
3384.0,6,2.0,1.0,,,,,,,
2938.0,2,2.0,,,,,,,,
3488.0,3,5.0,1.0,,,,,,,
3416.0,3,2.0,,,,,,,,
3509.0,3,3.0,3.0,,2.0,,,,,
3462.0,1,,,,,,,,,
3506.0,1,,,,,,,,,
2216.0,2,1.0,1.0,,,,,,,
3523.0,3,6.0,,,,,,,,
2399.0,4,2.0,,,,,,,,
3358.0,1,,,,,,,,,
3526.0,3,5.0,,,,,,,,
3028.0,1,,,,,,,,,
3426.0,2,,,,,,,,,
3299.0,2,,,,,,,,,
3524.0,3,1.0,3.0,,,,,,,
3207.0,1,,,,,,,,,
3528.0,3,,,,,,,,,
3351.0,4,8.0,10.0,,,,,,,
3529.0,3,8.0,14.0,,,,,,,
3457.0,3,1.0,,,,,,,,
1967.0,5,2.0,2.0,,,,,,,
3459.0,2,6.0,5.0,,,,,,,
2671.0,1,,6.0,,,,,,,
3534.0,3,,,,,1.0,,2.0,,2.0
3533.0,3,3.0,,,,,,,,
3104.0,1,1.0,5.0,1.0,,,,,,
3535.0,1,4.0,,,,,,,,
3536.0,1,,,,,,,,,
3542.0,3,,1.0,,,,,,,
3544.0,1,,1.0,,,,,,,
3476.0,1,4.0,,,,,,,,
2510.0,6,3.0,3.0,,,,,,,
3540.0,1,,,,,,,,,
3548.0,2,1.0,,,,,,,,
3549.0,3,3.0,,1.0,3.0,,,,,
3552.0,3,3.0,3.0,,,,,,,
3553.0,3,2.0,2.0,1.0,,,,,,
3545.0,1,,,,,,,,,
3546.0,3,2.0,2.0,,,,,,,
3402.0,3,6.0,1.0,2.0,2.0,,,,,
3335.0,1,,,,,,,,,
1814.0,1,1.0,,,,,,,,
2651.0,3,7.0,17.0,3.0,,2.0,,,,
3569.0,1,,,,,,,,,
3472.0,2,8.0,6.0,1.0,,,,,,
3578.0,3,4.0,9.0,6.0,3.0,1.0,,,,
3547.0,3,,,,,,,,,
3584.0,1,,,,,,,,,
3477.0,1,4.0,7.0,,,,1.0,,,2.0
3463.0,3,3.0,,1.0,,,,,,
2786.0,2,2.0,,,,,,,,
2613.0,4,2.0,,,,,,,,
3593.0,1,4.0,3.0,,,,,,,
3590.0,3,4.0,3.0,,1.0,,,,,
3595.0,3,4.0,2.0,3.0,2.0,1.0,,,,
3596.0,2,3.0,,,,,,,,
2829.0,2,1.0,2.0,1.0,,,,1.0,,
3582.0,4,5.0,9.0,6.0,4.0,1.0,,,,
3594.0,3,4.0,3.0,2.0,3.0,1.0,,,,
3597.0,2,,,,,,,,,
3600.0,2,,,,,,,,,
3601.0,3,,,,,,,,,
3599.0,1,1.0,,,,,,,,
3603.0,2,3.0,5.0,,,,,,,
3604.0,3,4.0,,,,,,,,
3606.0,2,,,,,,,,,
1810.0,3,5.0,1.0,1.0,,,,,,
3611.0,3,,5.0,4.0,1.0,,,,,
3610.0,1,,,,,1.0,,,,
3607.0,1,,,,,,,,,
3615.0,2,2.0,3.0,2.0,1.0,,,,,
3619.0,3,2.0,4.0,,1.0,,,,,
3620.0,3,,,,,,,,,
3617.0,3,6.0,1.0,,,,,,,
3621.0,2,3.0,1.0,,,,,,,
3625.0,2,2.0,4.0,,1.0,,,,,
3623.0,1,,,,,,,,,
3291.0,5,1.0,,,,,,,,
3634.0,3,4.0,2.0,,4.0,1.0,,,,
3637.0,3,5.0,7.0,,2.0,,,,,
3628.0,2,,,,,,,,,
3543.0,3,8.0,15.0,8.0,,,,,,
3636.0,3,3.0,,,,,,,,
3641.0,3,6.0,3.0,2.0,,,,,,
3642.0,2,,,,,,,,,
3646.0,1,,,,,,,,,
3644.0,3,5.0,2.0,2.0,3.0,1.0,,,,
3648.0,1,,,,,,,,,
3589.0,3,7.0,,,,,,,,
3649.0,2,,,,,,,,,
3643.0,3,7.0,8.0,2.0,2.0,1.0,,,,
3651.0,2,1.0,,,,,,,,
3653.0,3,,,,,,,,,
3654.0,1,4.0,2.0,1.0,1.0,,,,,
3658.0,1,6.0,1.0,,3.0,,,,,
3659.0,1,,,,,,,,,
3663.0,3,5.0,10.0,2.0,3.0,1.0,,,,
3660.0,2,8.0,4.0,2.0,,,,,,
3665.0,1,,,,,,,,,
3640.0,3,3.0,,,,,,,,
3635.0,1,5.0,3.0,,,,,,,
3666.0,3,4.0,9.0,1.0,,,,,,
3668.0,1,8.0,8.0,6.0,2.0,1.0,,,,
3670.0,3,,,,,,,,,
3672.0,2,5.0,3.0,,,,,,,
3675.0,2,,,,,,,,,
3673.0,3,2.0,5.0,,,,,,,
3251.0,4,5.0,1.0,,,,,,,
3677.0,1,,,,,,,,,
3678.0,1,,,,,,,,,
3676.0,1,,,,1.0,2.0,,,,
3682.0,2,,,,,,,,,
3683.0,1,,,,,,,,,
3684.0,2,,,,,,,,,
3685.0,2,,,,,,,,,
3686.0,1,,,,,,,,,
3198.0,1,2.0,4.0,2.0,,,,,,
3687.0,1,,,,,,,,,
2963.0,4,5.0,6.0,4.0,,,,,,
3689.0,1,,,,,,,,,
3691.0,2,,,,,,,,,
3692.0,1,5.0,3.0,1.0,2.0,,,,,
3690.0,2,1.0,,,,,,,,
3695.0,1,,,,,,,,,
2775.0,4,3.0,2.0,1.0,,2.0,,,,
3697.0,1,,,,,,,,,
3700.0,1,,,,,,,,,
3696.0,3,4.0,3.0,2.0,2.0,,,,,
3698.0,3,2.0,,,,,,,,
3703.0,1,,,,,,,,,
3701.0,2,5.0,,,2.0,1.0,,,,
3708.0,1,4.0,,,,,,,,
2155.0,3,5.0,2.0,1.0,,,,,,
3655.0,3,2.0,,,1.0,,,,,
3716.0,2,6.0,2.0,3.0,,,,,,
3711.0,1,8.0,5.0,1.0,4.0,1.0,,,,
1813.0,1,8.0,5.0,,,,,,,
3719.0,1,,,,,,,,,
3712.0,3,6.0,2.0,,2.0,,,,,
3709.0,3,4.0,,,,,,,,
3722.0,1,3.0,,,,,,,,
2594.0,3,7.0,10.0,1.0,,,,,,
3724.0,1,,,,,,,,,
2773.0,4,3.0,9.0,,,,,,,
3633.0,3,,,,,,,,,
3693.0,3,4.0,2.0,1.0,,,,,,
3564.0,3,3.0,7.0,,,,,,,
3532.0,2,3.0,,,,,,,,
3219.0,2,,,,,,,,,
3728.0,3,,,,,,,,,
3730.0,2,5.0,5.0,2.0,,,,,,
3729.0,2,2.0,3.0,2.0,,,,,,
3736.0,3,4.0,3.0,2.0,3.0,1.0,,,,
3680.0,2,,,,,,,,,
3713.0,1,8.0,9.0,1.0,3.0,,,,,
3732.0,3,6.0,3.0,,1.0,,,,,
3671.0,2,4.0,2.0,,1.0,,,,,
3734.0,2,6.0,,,,,,,,
3742.0,2,2.0,1.0,,,,,,,
3744.0,3,3.0,,,,,,,,
3743.0,2,,,,,,,,,
3624.0,2,,,,,,,,,
3581.0,3,4.0,2.0,3.0,2.0,1.0,,,,
3747.0,3,6.0,2.0,,,,,,,
3749.0,2,2.0,,,,,,,,
3748.0,1,,3.0,,,,,,,
2768.0,4,7.0,2.0,2.0,3.0,1.0,,,,
3750.0,1,,,,,,,,,
3731.0,3,2.0,,,,,,,,
3751.0,2,5.0,3.0,,2.0,,,,,
3753.0,3,5.0,,,4.0,,,,,
3755.0,2,4.0,1.0,,,,,,,
3756.0,2,3.0,,,,,,,,
3758.0,2,3.0,,,,,,,,
3754.0,3,,2.0,,,,,,,
3757.0,1,,,,2.0,,,,,
3759.0,2,3.0,4.0,1.0,,,,,,
3763.0,1,,,,,,,,,
3764.0,1,,2.0,,,,,,,
2278.0,1,,1.0,,,,,,,
3771.0,3,3.0,2.0,1.0,,,,,,
3740.0,3,7.0,2.0,,2.0,,,,,
3782.0,1,,,,,,,,,
3781.0,2,2.0,1.0,,2.0,1.0,,,,
3784.0,1,,2.0,,3.0,1.0,,,,
3785.0,2,4.0,1.0,,1.0,,,,,
3786.0,3,1.0,2.0,,,,,,,
3775.0,3,3.0,1.0,,,,,,,
3789.0,2,,,,1.0,,,,,
3791.0,3,6.0,7.0,2.0,3.0,1.0,,,,
3760.0,3,5.0,,1.0,5.0,,1.0,1.0,5.0,2.0
3792.0,3,,,6.0,3.0,1.0,,,,
3560.0,2,,3.0,,,,,,,
3718.0,1,1.0,4.0,2.0,,2.0,,,,
3720.0,1,,,,,,,,,
3796.0,1,,,,,,,,,
3799.0,1,1.0,,,,,,,,
3801.0,3,1.0,,,,,,,,
3800.0,1,1.0,3.0,,1.0,,,,,
3808.0,1,1.0,5.0,,,,,,,
2936.0,1,,,,,,,,,
3810.0,1,,1.0,,,,,,,
3806.0,3,2.0,3.0,,,,,,,
3737.0,3,1.0,1.0,,2.0,3.0,,,,
3812.0,1,2.0,,,,,,,,
3809.0,1,,,,1.0,,,,,
3783.0,2,,,,,,,,,
3814.0,1,,,,,,,,,
3815.0,1,,,,,,,,,
3819.0,2,1.0,,,,,,,,
3823.0,1,2.0,,,,,,,,
3804.0,1,,,,,,,,,
3824.0,1,,,,,,,,,
3826.0,3,,,,,,,,,
3825.0,3,3.0,,,,,,,,
3820.0,1,1.0,,,,,,,,
3233.0,1,4.0,1.0,,,,,,,
3319.0,2,6.0,,1.0,,,,,,
3818.0,3,,,,,,,,,
3822.0,1,,,,,,,,,
3827.0,1,1.0,,,,,,,,
2125.0,4,4.0,3.0,,,,,,,
3828.0,1,,,,,,,,,
3829.0,1,1.0,,,,,,,,
3830.0,3,3.0,1.0,1.0,,,,,,
2969.0,2,,,,,,,,,
3832.0,3,6.0,2.0,2.0,4.0,,,,,
3834.0,2,,3.0,,,,,,,
3835.0,3,,2.0,1.0,1.0,1.0,,,,
3837.0,3,5.0,1.0,2.0,4.0,,,,,
3831.0,1,6.0,,,,,,,,
3841.0,1,,3.0,,,,,,,
3842.0,2,,,,,,,,,
3843.0,2,,,,,,,,,
3844.0,3,6.0,1.0,,2.0,1.0,,,,
3064.0,2,9.0,9.0,1.0,,,,,,
3845.0,2,3.0,1.0,1.0,2.0,,,,,
3779.0,3,2.0,3.0,,,,,,,
3846.0,1,,,,,,,,,
3847.0,1,,1.0,,,4.0,,,,
3850.0,2,,,1.0,,,,,,
3851.0,1,2.0,1.0,,,,,,,
3855.0,2,1.0,2.0,1.0,,,,,,
3857.0,1,,,,,1.0,,,,
3859.0,1,1.0,2.0,1.0,,,,,,
3852.0,1,,,,,,,,,
2096.0,1,4.0,4.0,1.0,,,,,,
3766.0,3,,,,1.0,3.0,,,1.0,2.0
3861.0,2,1.0,1.0,1.0,2.0,,,,,
3864.0,2,6.0,9.0,1.0,,,,,,
3866.0,1,,,,,,,,,
3821.0,2,7.0,2.0,1.0,,,,,,
3877.0,1,7.0,2.0,1.0,,,,,,
3879.0,2,8.0,3.0,,,,,,,
3880.0,1,,3.0,1.0,,,,,,
3881.0,1,,3.0,1.0,,,,,,
3309.0,2,,1.0,,,,,,,
3883.0,1,,,,,,,,,
2675.0,2,4.0,,,,,,,,
3885.0,3,,,,,,,,,
3887.0,3,,,,,,,,,
3889.0,3,,,,,,,,,
3895.0,3,2.0,,,,,,,,
3893.0,2,5.0,1.0,1.0,4.0,,,,,
2112.0,3,3.0,5.0,,,,,,,
3892.0,3,7.0,1.0,,,,,,,
3896.0,3,1.0,,,,,,,,
3897.0,1,,,,,,,,,
3899.0,3,2.0,,,,,,,,
3901.0,1,4.0,2.0,1.0,1.0,,,,,
3898.0,3,2.0,2.0,,,,,,,
3902.0,2,2.0,,,,,,,,
3904.0,1,3.0,2.0,,1.0,,,,,
3906.0,3,2.0,,,,,,,,
3907.0,2,6.0,2.0,,,,,,,
3900.0,2,7.0,1.0,,,2.0,,,,
3912.0,3,5.0,,,,,,,,
3913.0,3,3.0,,,,,,,,
2259.0,3,2.0,,,,,,,,
3919.0,1,1.0,3.0,1.0,,,,,,
3918.0,3,2.0,,,,,,,,
3922.0,1,1.0,,,1.0,,,,,
3926.0,1,1.0,4.0,,4.0,,,,,
3925.0,1,,,,,,,,,
3551.0,2,3.0,4.0,1.0,,,,,,
2976.0,2,,,,,,,,,
3943.0,1,,1.0,,,,,,,
3947.0,2,,,,,,,,,
3948.0,3,,,,,,,,,
3953.0,1,,1.0,,,,,,,
3955.0,1,1.0,,,,,,,,
3956.0,3,,,,,,,,,
3924.0,2,1.0,2.0,,,,,,,
3961.0,1,,,1.0,,,,,,
3738.0,1,1.0,,,,,,,,
3962.0,3,,,,,,,,,
3964.0,1,,,,,,,,,
3965.0,2,,,,,,,,,
3966.0,1,,,,,,,,,
3921.0,3,9.0,5.0,1.0,,,,,,2.0
3967.0,1,,,,,,,,,
3969.0,1,,2.0,,,,,,,
3963.0,3,5.0,2.0,1.0,1.0,1.0,,,,
3910.0,3,3.0,5.0,,,,,,,
3970.0,2,,3.0,,,,,,,
3972.0,1,,,3.0,,,,,,
3973.0,2,,,,,,,,,
3974.0,2,,3.0,1.0,,,,,,
3978.0,2,4.0,2.0,2.0,3.0,2.0,,,,
3927.0,2,,,,,,,,,
3853.0,3,2.0,7.0,2.0,,,,,,
3979.0,1,,3.0,,2.0,,,,,
3874.0,3,,,,,,,,,
2060.0,4,3.0,3.0,,,,,,,
3981.0,2,,2.0,,,,,,,
3838.0,1,,,,,,,,,
2960.0,2,4.0,2.0,,2.0,1.0,,,,
3840.0,1,,,,,,,,,
3934.0,3,,6.0,1.0,,,,,,
3985.0,2,1.0,2.0,,,,,,,
3987.0,2,1.0,1.0,,,,,,,
3931.0,3,3.0,,,,,,,,
3989.0,2,5.0,,3.0,3.0,1.0,,,,
3990.0,1,2.0,1.0,,,,,,,
3991.0,2,2.0,,,,,,,,
3761.0,2,5.0,2.0,,,,,,,
3993.0,1,,1.0,,,,,,,
3994.0,2,,,,,,,,,
3995.0,2,2.0,1.0,,,,,,,
3996.0,2,1.0,,,,,,,,
3998.0,2,,,,,,,,,
3982.0,3,5.0,11.0,2.0,,,,,,
2866.0,1,1.0,3.0,,,,,,,
3999.0,2,,3.0,,,,,,,
4000.0,2,,,,,,,,,
4002.0,1,,,,,,,,1.0,1.0
4003.0,3,3.0,,,,1.0,,,,
4004.0,1,1.0,,,,,,,,
4008.0,2,1.0,,,,,,,,
4009.0,2,2.0,1.0,,,,,,,
3914.0,2,1.0,,,,,,,,
2998.0,3,4.0,2.0,1.0,,,,,,
4020.0,2,,,,,,,,,
3817.0,1,2.0,4.0,2.0,5.0,1.0,,,,
3063.0,1,,,,,,,,,
4023.0,1,7.0,,,1.0,,,,,
4026.0,2,1.0,,,,,,,,
2154.0,1,1.0,5.0,,1.0,,,,,
4038.0,1,,,,,,,,,
4033.0,1,,1.0,,,,,,,
4045.0,2,1.0,1.0,,,1.0,,,,
4017.0,3,,,,,,,,,
4051.0,1,,,,,,,,,
3945.0,2,3.0,7.0,1.0,,,,,,
4055.0,2,,1.0,,,,,,,
4058.0,1,1.0,2.0,,,,,,,
4060.0,1,2.0,3.0,1.0,3.0,1.0,,,,
4062.0,1,1.0,2.0,,,,,,,
4063.0,1,1.0,,,,,,,,
4064.0,1,1.0,,2.0,,,,,,
4065.0,1,,,,1.0,,,,,
4066.0,2,,,,,,,,,
4069.0,1,,,,,,,,,
3971.0,2,5.0,2.0,,,,,,,
3988.0,1,5.0,,1.0,3.0,1.0,,,,
3917.0,2,4.0,,,,,,,,
4054.0,2,5.0,2.0,,,,,,,
3936.0,2,10.0,,1.0,,,,,,
3929.0,2,5.0,,,,,,,,
4082.0,1,,,,,,,,,
2904.0,3,8.0,6.0,,1.0,1.0,,,,
2900.0,1,4.0,3.0,,,,,,,
4031.0,2,6.0,6.0,1.0,,,,,,
4087.0,3,5.0,12.0,1.0,,,,,,
4056.0,1,1.0,,,,,,,,
2908.0,2,4.0,13.0,,1.0,,,,,
4073.0,2,8.0,2.0,1.0,,,,,,
4075.0,1,6.0,2.0,,,,,,,
4092.0,1,,4.0,,,,,,,
4078.0,1,7.0,2.0,,,,,,,
4088.0,1,6.0,,,,,,,,
4094.0,2,1.0,,,,,,,,
4089.0,2,5.0,3.0,2.0,,,,,,
4077.0,2,6.0,10.0,1.0,,,,,,
4096.0,1,4.0,,,2.0,2.0,,,,
4099.0,2,,,,,,,,,
4095.0,1,,2.0,,,,,,,
4090.0,2,5.0,4.0,2.0,,,,,,
4102.0,2,,,,,,,,,
4093.0,2,5.0,4.0,,,,,,,
3958.0,3,6.0,2.0,,,,,,,
4111.0,1,,,,,,,,,
2508.0,1,,,,,,,,,
4079.0,2,6.0,9.0,,,,,,,
4104.0,1,1.0,,,,,,,,
4085.0,2,7.0,4.0,1.0,,,,,,
4123.0,1,,,,,,,,,
4107.0,2,5.0,2.0,,,,,,,
3942.0,2,6.0,,,,,,,,
4106.0,1,5.0,,2.0,,,,,,
4103.0,1,6.0,,,,,,,,
4112.0,2,7.0,11.0,1.0,,,,,,
4125.0,1,,,,,,,,,
4101.0,1,7.0,2.0,,,,,,,
4124.0,2,6.0,2.0,,,,,,,
4129.0,1,,,,,,,,,
2500.0,2,,,,,,,,,
4128.0,1,4.0,,,,,,,,
3908.0,2,6.0,1.0,1.0,,,,,,
4133.0,1,1.0,,,,,,,,
4134.0,1,,,,,,,,,
4136.0,1,1.0,,,,,,,,
4130.0,2,5.0,1.0,,,,,,,
4137.0,2,7.0,,1.0,,,,,,
4140.0,1,,,,,,,,,
4141.0,2,4.0,2.0,1.0,,,,,,
4149.0,1,,,,,,,,,
4150.0,2,1.0,1.0,,,,,,,
4146.0,3,2.0,,,,,,,,
4151.0,2,,3.0,,,,,,,
4148.0,2,6.0,2.0,1.0,,,,,,
3566.0,2,,,,,,,,,
2700.0,2,9.0,4.0,2.0,,,,,,
4163.0,3,1.0,,,,,,,,
4166.0,1,2.0,2.0,1.0,,,,,,
4164.0,1,2.0,3.0,,,,,,,
4168.0,3,3.0,,,3.0,1.0,,,,
4169.0,1,3.0,3.0,,,,,,,
4172.0,1,3.0,,,,,,,,
3481.0,1,1.0,,,,,,,,
4098.0,2,1.0,,,,,,,,
4180.0,2,,,,,,,,,
3976.0,2,3.0,7.0,1.0,,,,,,
2046.0,1,8.0,15.0,2.0,,,,,,
4181.0,2,2.0,3.0,,,,,,,
4161.0,2,4.0,5.0,1.0,,,,,,
2811.0,2,3.0,1.0,,,,,,,
3933.0,2,4.0,,,,,,,,
3932.0,3,3.0,7.0,1.0,,,,,,
3975.0,3,4.0,1.0,1.0,,,,,,
3949.0,2,5.0,3.0,2.0,,,,,,
4086.0,2,3.0,,,,,,,,
4193.0,3,2.0,,2.0,,,,,,
4006.0,1,2.0,2.0,2.0,,,,,,
4196.0,1,3.0,2.0,,,,,,,
4194.0,2,2.0,1.0,,,,,,,
4206.0,1,,2.0,,,,,,,1.0
4203.0,2,4.0,3.0,2.0,,,,,,
4205.0,2,5.0,2.0,,,,,,,
2288.0,2,8.0,5.0,,,,,,,
4179.0,2,3.0,,,,,,,,
4220.0,1,4.0,,,,,,,,
4195.0,1,7.0,10.0,1.0,,,,,,
4019.0,2,8.0,4.0,,,1.0,,,,
4236.0,1,1.0,,,,,,,,
4239.0,1,2.0,2.0,,,,,,,
4242.0,1,,,,,,,,,
3944.0,2,4.0,15.0,,,,,,,
4247.0,1,1.0,,,,,,,,
4248.0,1,,,,,,,,,
3639.0,1,3.0,3.0,,,,,,1.0,2.0
2746.0,2,9.0,12.0,2.0,5.0,1.0,2.0,1.0,5.0,2.0
4261.0,2,,,2.0,,,,,,
4041.0,2,4.0,2.0,,,,,,,
4218.0,1,7.0,1.0,,,,,,,
4243.0,2,2.0,1.0,,,,,,,
4207.0,2,4.0,,,,,,,,
4219.0,1,4.0,,,,,,,,
4224.0,2,,,,,,,,,
4226.0,2,1.0,,,,,,,,
4267.0,1,4.0,2.0,2.0,,,,,,
4126.0,1,5.0,2.0,,,,,,,
4176.0,1,7.0,3.0,,,,,,,
4154.0,1,4.0,1.0,,,,,,,
4278.0,1,,,,,,,,,
4076.0,1,6.0,2.0,1.0,,,,,,
4279.0,1,5.0,1.0,,,,,,,
4272.0,2,3.0,3.0,,,,,,,
4266.0,1,4.0,,,,,,,,
4275.0,1,5.0,3.0,,,,,,,
4191.0,1,5.0,1.0,,,,,,,
4281.0,1,6.0,2.0,,,,,,,
4284.0,1,,,,,,,,,
3657.0,1,5.0,3.0,,,,,,,
4288.0,1,5.0,,,,,,,,
4282.0,1,7.0,1.0,2.0,,,,,,
4273.0,1,6.0,1.0,4.0,,,,,,1.0
4059.0,2,7.0,13.0,1.0,2.0,,,,,
3803.0,1,6.0,1.0,2.0,,,,,,
4049.0,2,4.0,8.0,,,,,,,
4297.0,1,2.0,,2.0,,,,,,
3669.0,2,5.0,1.0,,,,,,,
3777.0,2,4.0,,,,,,,,
4293.0,1,5.0,4.0,1.0,,,,,,
4138.0,1,2.0,2.0,1.0,,,,,,
4286.0,1,9.0,4.0,2.0,,,,,,
4300.0,1,3.0,3.0,,,,,,,
4306.0,1,5.0,3.0,,3.0,,,,,
4268.0,1,2.0,,,,,,,,
3992.0,1,3.0,,,,,,,,
4303.0,1,,,,,,,,,
2827.0,1,,,,,,,,,
4307.0,2,3.0,4.0,1.0,,,,,,
4295.0,1,6.0,,1.0,,,,,,
4083.0,1,,1.0,2.0,,,,,,
4314.0,1,7.0,4.0,,,,,,,
4139.0,1,11.0,1.0,,,,,,,
4292.0,1,4.0,,,,,,,,
4317.0,1,7.0,2.0,1.0,,,,,,
4312.0,1,6.0,3.0,,,,,,,
4313.0,1,2.0,,,,,,,,
4315.0,1,1.0,,,,,,,,
4283.0,1,7.0,2.0,,,,,,,
4143.0,1,7.0,,,,,,,,
4316.0,1,4.0,4.0,,,,,,,
4323.0,1,,,,,,,,,
4318.0,1,1.0,5.0,,,,,,,
4320.0,1,1.0,3.0,,,,,,,
4212.0,1,3.0,3.0,1.0,,,,,,
4296.0,1,,,,,,,,,
4328.0,1,6.0,,,,,,,,
4326.0,1,5.0,2.0,,,,,,,
4265.0,1,,,,,,,,,
4215.0,1,3.0,2.0,,,,,,,
4332.0,1,,,,,,,,,
4331.0,1,6.0,,,,,,,,
4147.0,1,5.0,,,,,,,,
4155.0,1,6.0,2.0,,,,,,,
4334.0,2,3.0,5.0,1.0,,,,,,
4010.0,1,5.0,,3.0,,,,,,
4178.0,2,,,,,,,,,
4299.0,2,4.0,1.0,,,,,,,
4338.0,1,,,,,,,,,
4337.0,1,4.0,,,,,,,,
4342.0,1,,,,,,,,,
4321.0,1,6.0,1.0,,,,,,,
4344.0,1,,,,,,,,,
2682.0,1,9.0,7.0,,,,,,,
4262.0,1,5.0,,,,,,,,
4341.0,1,7.0,1.0,1.0,,,,,,
4274.0,1,6.0,5.0,1.0,,,,,1.0,
3746.0,1,1.0,2.0,,,,1.0,,,
4345.0,1,,,,,,,,,
4183.0,1,6.0,,,,,,,,
4346.0,1,4.0,,,,,,,,
4349.0,1,4.0,,2.0,,,,,,
4351.0,1,3.0,,,,,,,,
4072.0,1,5.0,1.0,1.0,,,,,,
4310.0,2,,,,,,,,,
4356.0,1,,,,,,,,,
4355.0,1,4.0,,,,,,,,
4357.0,1,6.0,4.0,1.0,,,,,,
4068.0,1,,,,,,,,,
4249.0,1,1.0,,,,,,,,
4365.0,2,,,,1.0,,,,,3.0
4366.0,1,,,,,,,,,
4367.0,1,,,1.0,,,,,,
4363.0,1,6.0,9.0,4.0,,,,,,
4175.0,1,5.0,,,,,,,,
4371.0,1,,2.0,2.0,,1.0,,,,
4372.0,1,1.0,,,,,,,,
4373.0,1,5.0,4.0,1.0,,,,,,
4153.0,1,7.0,1.0,,,,,,,
4375.0,1,3.0,3.0,,,,,,,
3986.0,1,5.0,2.0,1.0,,,,,,
4368.0,1,,,,,,,,,
4302.0,1,,,,,,,,,
4171.0,1,2.0,1.0,,,,,,,
4379.0,1,,,,,,,,,
4381.0,1,,,,,,,,,
4376.0,1,9.0,,1.0,,,,,,1.0
4385.0,1,3.0,3.0,,,,,,,
4380.0,1,,,,,,,,,
3939.0,1,3.0,1.0,,,,,,,
4384.0,1,4.0,,,,,,,,
4383.0,1,7.0,1.0,,,,,,,
4393.0,1,,,1.0,,,,,,
4394.0,1,3.0,,,,,,,,
4386.0,1,7.0,2.0,,,,,,,
4387.0,1,,,,,,,,,
4389.0,1,,,,,,,,,
4395.0,1,5.0,1.0,1.0,,,,,,
4167.0,1,2.0,,,,,,,,
4391.0,1,,,,,,,,,
4377.0,1,5.0,2.0,2.0,,,,,,
4396.0,1,,,,,,,,,
4402.0,1,1.0,,,,,,,,
4407.0,1,1.0,,1.0,,,,,,
4399.0,1,1.0,,,,,,,,
4409.0,1,,1.0,,,,,,,
4411.0,2,3.0,,,,,,,,
4410.0,1,2.0,1.0,,,,,,,
4408.0,1,,,,,,,,,
4412.0,1,2.0,2.0,,,,,,,
4413.0,1,1.0,,2.0,,,,,,
4388.0,1,3.0,3.0,,,,,,,
4415.0,1,,,,,,,,,
4414.0,1,1.0,1.0,,,,,,,
4182.0,1,4.0,,,,,,,,
4417.0,1,,,,,,,,,
4277.0,1,8.0,3.0,1.0,,,,,,
4418.0,1,,,,,,,,,
4420.0,1,,,,,,,,,
4421.0,1,,,,,,,,,
4144.0,1,,3.0,1.0,,,,,,
4426.0,1,,2.0,,,,,,,
4427.0,1,,1.0,,,,,,,
4428.0,1,3.0,,,,,,,,
4430.0,1,,,,,,,,,
4257.0,2,1.0,,,,,,,,
4251.0,1,1.0,,,,,,,,
4431.0,1,,,,,,,,,
4416.0,2,2.0,,,,,,,,
4255.0,2,5.0,9.0,2.0,3.0,2.0,,,,
4157.0,1,,2.0,,,,,,,
4305.0,1,7.0,2.0,1.0,,,,,,
4441.0,2,3.0,2.0,,,,,,,
4442.0,2,5.0,5.0,1.0,1.0,,,,,
4443.0,2,4.0,2.0,1.0,,,,,,
4446.0,2,,,,,,,,,
2739.0,1,6.0,3.0,1.0,,,,,,
3629.0,2,,,,,,,,,
3425.0,1,7.0,1.0,,,,,,,
4453.0,1,,1.0,1.0,,,,,,
4201.0,1,1.0,,1.0,,,,,,
4204.0,1,3.0,,,,,,,,
4025.0,2,3.0,5.0,,,,,,,
3950.0,1,6.0,3.0,1.0,,,,,,
4467.0,1,,,,,,,,,
4468.0,1,,,1.0,,,,,,
4470.0,1,,1.0,,,,,,,
4429.0,1,7.0,3.0,,,,,,,
4472.0,1,,1.0,,,,,,,
4478.0,1,,,,,,,,,
4474.0,1,,,,,,,,,
2396.0,1,5.0,,,,,,,,
4483.0,1,2.0,4.0,1.0,,,,,,
4484.0,1,,,,,,,,,
4486.0,1,,,,,,,,,
4487.0,1,,,,,,,,,
4489.0,1,,,,,,,,,
4406.0,1,,,,,,,,,
4451.0,1,3.0,,,,,,,,
4464.0,1,,,,,,,,,
4493.0,1,,,,,,,,,
4496.0,1,4.0,1.0,,,,,,,
4481.0,1,9.0,2.0,2.0,3.0,1.0,,,,
3517.0,1,4.0,,1.0,,,,,,
4517.0,1,,,3.0,,,,,,
4518.0,1,3.0,,,,,,,,
4540.0,1,1.0,,,,,,,,
4542.0,1,,,,,,,,,
4543.0,1,1.0,2.0,,,,,,,
4544.0,1,3.0,,,,,,,,
4531.0,1,7.0,8.0,4.0,,,,,,
4276.0,1,,,,,,,,,
4550.0,1,7.0,5.0,1.0,,,,,,
4554.0,1,,,,,,,,,
4555.0,1,3.0,,,,,,,,
4537.0,1,3.0,1.0,,,,,,,
4529.0,1,8.0,23.0,5.0,,,,,,
4545.0,1,3.0,,,,,,,,
4561.0,1,1.0,,,,,,,,
4562.0,1,2.0,,,,,,,,
3631.0,1,4.0,1.0,,,,,,,
4477.0,1,3.0,,,,,,,,
4564.0,1,5.0,1.0,,,,,,,
4552.0,1,1.0,,,,,,,,
4567.0,1,1.0,,,,,,,,
4565.0,1,6.0,2.0,,,,,,,
4569.0,1,1.0,,,,,,,,
4571.0,1,,,,,,,,,
4563.0,1,2.0,,,,,,,,
4575.0,1,,,,,,,,,
4573.0,1,5.0,,,,,,,,
4329.0,1,6.0,4.0,1.0,,,,,,
4572.0,1,7.0,2.0,,,,,,,
4579.0,1,2.0,3.0,,,,,,,
4530.0,1,7.0,1.0,1.0,,,,,,
3186.0,1,3.0,,,,,,,,
4256.0,1,,,3.0,,,,,,
4581.0,1,1.0,2.0,,,,,,,
3088.0,1,12.0,2.0,,,,,,,
4580.0,1,7.0,2.0,1.0,,,,,,
2344.0,1,2.0,,,,,,,,
4587.0,1,1.0,,,,,,,,
4578.0,1,1.0,1.0,,,,,,,
4012.0,1,,,,,,,,,
4588.0,1,4.0,1.0,,,,,,,
4593.0,1,,,,,,,,,
3026.0,1,10.0,1.0,,,,,,,
4601.0,1,4.0,5.0,1.0,,,,,,
4600.0,1,1.0,,,,,,,,
4602.0,1,,,,,,,,,
4597.0,1,1.0,,,,,,,,
4005.0,1,2.0,,,,,,,,
4612.0,1,3.0,1.0,,,,,,,
4604.0,1,4.0,4.0,,,,,,,
4614.0,1,,,,,,,,,2.0
4615.0,1,6.0,,,4.0,2.0,,1.0,2.0,3.0
3694.0,1,1.0,3.0,1.0,,,,,,
4620.0,1,3.0,2.0,,,,,,,
